frase,conteo
de la fiscalía general de justicia del estado de méxico,166
la fiscalía general de justicia del estado de méxico fgjem,159
del secretariado ejecutivo del sistema nacional de seguridad pública sesnsp,50
la fiscalía general de justicia de la ciudad de méxico,47
autoridades de la fiscalía general de justicia del estado de,38
hasta que sea dictada una sentencia condenatoria en su contra,37
privación ilegal de la libertad en su modalidad de secuestro,32
la presidenta de alto al secuestro isabel miranda de wallace,29
personal de la fiscalía general de justicia del estado de,28
informaron autoridades de la fiscalía general de justicia del estado,26
privación ilegal de la libertad en la modalidad de secuestro,26
la procuraduría general de justicia de la ciudad de méxico,25
el agente del ministerio público de la fiscalía especializada de,24
elementos de la fiscalía general de justicia del estado de,23
de privación ilegal de la libertad en su modalidad de,23
inocentes hasta que sea dictada una sentencia condenatoria en su,22
datos del secretariado ejecutivo del sistema nacional de seguridad pública,22
agente del ministerio público de la fiscalía especializada de secuestro,22
de la subprocuraduría especializada en investigación de delincuencia organizada seido,22
la unidad especializada en investigación de delitos en materia de,22
se les debe considerar inocentes hasta que sea dictada una,21
les debe considerar inocentes hasta que sea dictada una sentencia,21
debe considerar inocentes hasta que sea dictada una sentencia condenatoria,21
considerar inocentes hasta que sea dictada una sentencia condenatoria en,21
el secretariado ejecutivo del sistema nacional de seguridad pública sesnsp,21
centro penitenciario y de reinserción social de santiaguito en almoloya,20
penitenciario y de reinserción social de santiaguito en almoloya de,20
y de reinserción social de santiaguito en almoloya de juárez,20
la mesa de coordinación para la construcción de la paz,20
general para prevenir y sancionar los delitos en materia de,20
para prevenir y sancionar los delitos en materia de secuestro,20
ley general para prevenir y sancionar los delitos en materia,19
méx la fiscalía general de justicia del estado de méxico,19
de la suprema corte de justicia de la nación scjn,19
por un juez del poder judicial del estado de méxico,18
de la fiscalía general de justicia de la ciudad de,18
cifras del secretariado ejecutivo del sistema nacional de seguridad pública,18
juez en el centro penitenciario y de reinserción social de,18
unidad especializada en investigación de delitos en materia de secuestro,18
20 años del 11s así vivieron mexicanos el atentado a,18
años del 11s así vivieron mexicanos el atentado a las,18
del 11s así vivieron mexicanos el atentado a las torres,18
11s así vivieron mexicanos el atentado a las torres gemelas,18
la mañanera de amlo 23 de mayo minuto a minuto,18
al centro penitenciario y de reinserción social de santiaguito en,17
fiscalía general de justicia del estado de méxico fgjem informó,17
un juez en el centro penitenciario y de reinserción social,17
de la fiscalía especializada en materia de delincuencia organizada femdo,16
por elementos de la fiscalía general de justicia del estado,16
inocente hasta que sea dictada una sentencia condenatoria en su,15
